{"py/object": "rasa.core.featurizers.tracker_featurizers.MaxHistoryTrackerFeaturizer", "state_featurizer": {"py/object": "rasa.core.featurizers.single_state_featurizer.SingleStateFeaturizer", "_default_feature_states": {"intent": {"affirm": 0, "back": 1, "bad_health_answer": 2, "bot_challenge": 3, "deny": 4, "good_health_answer": 5, "goodbye": 6, "greet": 7, "mood_great": 8, "mood_unhappy": 9, "nlu_fallback": 10, "ok_health_answer": 11, "out_of_scope": 12, "restart": 13, "session_start": 14}, "action_name": {"action_listen": 0, "action_restart": 1, "action_session_start": 2, "action_default_fallback": 3, "action_deactivate_loop": 4, "action_revert_fallback_events": 5, "action_default_ask_affirmation": 6, "action_default_ask_rephrase": 7, "action_two_stage_fallback": 8, "action_unlikely_intent": 9, "action_back": 10, "...": 11, "action_extract_slots": 12, "utter_bad_health_answer": 13, "utter_cheer_up": 14, "utter_did_that_help": 15, "utter_good_health_answer": 16, "utter_goodbye": 17, "utter_greet": 18, "utter_happy": 19, "utter_iamabot": 20, "utter_ok_health_answer": 21}, "entities": {}, "slots": {}, "active_loop": {}}, "action_texts": [], "entity_tag_specs": []}, "max_history": 5, "remove_duplicates": true}