{
  "answer_question": {
    "precision": 0.0,
    "recall": 0.0,
    "f1-score": 0.0,
    "support": 6.0,
    "confused_with": {
      "": 6
    }
  },
  "chitchat": {
    "precision": 0.0,
    "recall": 0.0,
    "f1-score": 0.0,
    "support": 8.0,
    "confused_with": {
      "": 8
    }
  },
  "get_info": {
    "precision": 0.0,
    "recall": 0.0,
    "f1-score": 0.0,
    "support": 26.0,
    "confused_with": {
      "": 26
    }
  },
  "greet": {
    "precision": 0.0,
    "recall": 0.0,
    "f1-score": 0.0,
    "support": 7.0,
    "confused_with": {
      "": 7
    }
  },
  "affirm": {
    "precision": 0.0,
    "recall": 0.0,
    "f1-score": 0.0,
    "support": 3.0,
    "confused_with": {
      "": 3
    }
  },
  "deny": {
    "precision": 0.0,
    "recall": 0.0,
    "f1-score": 0.0,
    "support": 3.0,
    "confused_with": {
      "": 3
    }
  },
  "goodbye": {
    "precision": 0.0,
    "recall": 0.0,
    "f1-score": 0.0,
    "support": 5.0,
    "confused_with": {
      "": 5
    }
  },
  "micro avg": {
    "precision": 0.0,
    "recall": 0.0,
    "f1-score": 0.0,
    "support": 58.0
  },
  "macro avg": {
    "precision": 0.0,
    "recall": 0.0,
    "f1-score": 0.0,
    "support": 58.0
  },
  "weighted avg": {
    "precision": 0.0,
    "recall": 0.0,
    "f1-score": 0.0,
    "support": 58.0
  },
  "accuracy": 0.0
}