[
  {
    "text": "What is your name?",
    "intent_response_key_target": "chitchat/ask_name",
    "intent_response_key_prediction": {
      "name": "",
      "confidence": 0.0
    }
  },
  {
    "text": "May I know your name?",
    "intent_response_key_target": "chitchat/ask_name",
    "intent_response_key_prediction": {
      "name": "",
      "confidence": 0.0
    }
  },
  {
    "text": "What do people call you?",
    "intent_response_key_target": "chitchat/ask_name",
    "intent_response_key_prediction": {
      "name": "",
      "confidence": 0.0
    }
  },
  {
    "text": "Do you have a name for yourself?",
    "intent_response_key_target": "chitchat/ask_name",
    "intent_response_key_prediction": {
      "name": "",
      "confidence": 0.0
    }
  },
  {
    "text": "Will you please be nice to me?",
    "intent_response_key_target": "chitchat/be_nice",
    "intent_response_key_prediction": {
      "name": "",
      "confidence": 0.0
    }
  },
  {
    "text": "Would you be nice to me for once?",
    "intent_response_key_target": "chitchat/be_nice",
    "intent_response_key_prediction": {
      "name": "",
      "confidence": 0.0
    }
  },
  {
    "text": "Can you stop being so mean?",
    "intent_response_key_target": "chitchat/be_nice",
    "intent_response_key_prediction": {
      "name": "",
      "confidence": 0.0
    }
  }
]